{
  "Create/update patient" : {
    "transaction" : "Create/update patient",
    "sampleCount" : 50,
    "errorCount" : 35,
    "errorPct" : 70.0,
    "meanResTime" : 3102.08,
    "medianResTime" : 2925.0,
    "minResTime" : 1307.0,
    "maxResTime" : 6350.0,
    "pct1ResTime" : 5211.299999999999,
    "pct2ResTime" : 6068.45,
    "pct3ResTime" : 6350.0,
    "throughput" : 6.293266205160479,
    "receivedKBytesPerSec" : 3.1542538546255505,
    "sentKBytesPerSec" : 7.098361784140969
  },
  "parameter search" : {
    "transaction" : "parameter search",
    "sampleCount" : 50,
    "errorCount" : 0,
    "errorPct" : 0.0,
    "meanResTime" : 739.68,
    "medianResTime" : 680.5,
    "minResTime" : 230.0,
    "maxResTime" : 2168.0,
    "pct1ResTime" : 1232.2,
    "pct2ResTime" : 1602.2999999999988,
    "pct3ResTime" : 2168.0,
    "throughput" : 9.52562392836731,
    "receivedKBytesPerSec" : 89.99816929415127,
    "sentKBytesPerSec" : 2.418615450562012
  },
  "Total" : {
    "transaction" : "Total",
    "sampleCount" : 200,
    "errorCount" : 35,
    "errorPct" : 17.5,
    "meanResTime" : 1344.2499999999998,
    "medianResTime" : 802.0,
    "minResTime" : 9.0,
    "maxResTime" : 6350.0,
    "pct1ResTime" : 3278.7000000000003,
    "pct2ResTime" : 4183.749999999999,
    "pct3ResTime" : 6101.39,
    "throughput" : 21.551724137931036,
    "receivedKBytesPerSec" : 67.70693022629311,
    "sentKBytesPerSec" : 18.59467605064655
  },
  "smoke-test" : {
    "transaction" : "smoke-test",
    "sampleCount" : 50,
    "errorCount" : 0,
    "errorPct" : 0.0,
    "meanResTime" : 70.35999999999996,
    "medianResTime" : 25.0,
    "minResTime" : 9.0,
    "maxResTime" : 472.0,
    "pct1ResTime" : 215.99999999999994,
    "pct2ResTime" : 443.39999999999975,
    "pct3ResTime" : 472.0,
    "throughput" : 10.29230135858378,
    "receivedKBytesPerSec" : 12.523640129682999,
    "sentKBytesPerSec" : 2.4826156597365174
  },
  "$match" : {
    "transaction" : "$match",
    "sampleCount" : 50,
    "errorCount" : 0,
    "errorPct" : 0.0,
    "meanResTime" : 1464.8799999999999,
    "medianResTime" : 1457.5,
    "minResTime" : 147.0,
    "maxResTime" : 3865.0,
    "pct1ResTime" : 2738.4,
    "pct2ResTime" : 3192.45,
    "pct3ResTime" : 3865.0,
    "throughput" : 7.549448890231013,
    "receivedKBytesPerSec" : 10.572177449796165,
    "sentKBytesPerSec" : 13.80133625245357
  }
}